_id,label,hari
662f2ef5147ad6d6bda4c246,with_mask,Monday
662f2ef5147ad6d6bda4c247,with_mask,Monday
662f2ef6147ad6d6bda4c248,with_mask,Monday
662f2ef6147ad6d6bda4c249,with_mask,Monday
662f2ef6147ad6d6bda4c24a,with_mask,Monday
662f2ef6147ad6d6bda4c24b,with_mask,Monday
662f2ef6147ad6d6bda4c24c,with_mask,Monday
662f2ef6147ad6d6bda4c24d,with_mask,Monday
662f2ef6147ad6d6bda4c24e,with_mask,Monday
662f2ef7147ad6d6bda4c24f,with_mask,Monday
662f2ef7147ad6d6bda4c250,with_mask,Monday
662f2ef7147ad6d6bda4c251,with_mask,Monday
662f2ef7147ad6d6bda4c252,with_mask,Monday
662f2ef7147ad6d6bda4c253,with_mask,Monday
662f2ef7147ad6d6bda4c254,with_mask,Monday
662f2ef7147ad6d6bda4c255,with_mask,Monday
662f2ef7147ad6d6bda4c256,with_mask,Monday
662f2ef7147ad6d6bda4c257,with_mask,Monday
662f2ef8147ad6d6bda4c258,with_mask,Monday
662f2ef8147ad6d6bda4c259,with_mask,Monday
662f2ef8147ad6d6bda4c25a,with_mask,Monday
662f2ef8147ad6d6bda4c25b,with_mask,Monday
662f2ef8147ad6d6bda4c25c,with_mask,Monday
662f2ef8147ad6d6bda4c25d,with_mask,Monday
662f2ef8147ad6d6bda4c25e,with_mask,Monday
662f2ef8147ad6d6bda4c25f,with_mask,Monday
662f2ef8147ad6d6bda4c260,with_mask,Monday
662f2ef8147ad6d6bda4c261,with_mask,Monday
662f2ef9147ad6d6bda4c262,with_mask,Monday
662f2ef9147ad6d6bda4c263,with_mask,Monday
662f2ef9147ad6d6bda4c264,with_mask,Monday
662f2ef9147ad6d6bda4c265,with_mask,Monday
662f2ef9147ad6d6bda4c266,with_mask,Monday
662f2ef9147ad6d6bda4c267,with_mask,Monday
662f2ef9147ad6d6bda4c268,with_mask,Monday
662f2ef9147ad6d6bda4c269,with_mask,Monday
662f2ef9147ad6d6bda4c26a,with_mask,Monday
662f2efa147ad6d6bda4c26b,with_mask,Monday
662f2efa147ad6d6bda4c26c,with_mask,Monday
662f2efa147ad6d6bda4c26d,with_mask,Monday
662f2efa147ad6d6bda4c26e,with_mask,Monday
662f2efa147ad6d6bda4c26f,with_mask,Monday
662f2efa147ad6d6bda4c270,with_mask,Monday
662f2efa147ad6d6bda4c271,with_mask,Monday
662f2efa147ad6d6bda4c272,with_mask,Monday
662f2efa147ad6d6bda4c273,with_mask,Monday
662f2efa147ad6d6bda4c274,with_mask,Monday
662f2efb147ad6d6bda4c275,with_mask,Monday
662f2efb147ad6d6bda4c276,with_mask,Monday
662f2efb147ad6d6bda4c277,with_mask,Monday
662f2efb147ad6d6bda4c278,with_mask,Monday
662f2efb147ad6d6bda4c279,without_mask,Monday
662f2efb147ad6d6bda4c27a,without_mask,Monday
662f2efb147ad6d6bda4c27b,without_mask,Monday
662f2efb147ad6d6bda4c27c,without_mask,Monday
662f2efb147ad6d6bda4c27d,without_mask,Monday
662f2efc147ad6d6bda4c27e,without_mask,Monday
662f2efc147ad6d6bda4c27f,without_mask,Monday
662f2efc147ad6d6bda4c280,without_mask,Monday
662f2efc147ad6d6bda4c281,without_mask,Monday
662f2efc147ad6d6bda4c282,without_mask,Monday
662f2efc147ad6d6bda4c283,without_mask,Monday
662f2efc147ad6d6bda4c284,without_mask,Monday
662f2efc147ad6d6bda4c285,without_mask,Monday
662f2efc147ad6d6bda4c286,without_mask,Monday
662f2efc147ad6d6bda4c287,without_mask,Monday
662f2efd147ad6d6bda4c288,without_mask,Monday
662f2efd147ad6d6bda4c289,without_mask,Monday
662f2efd147ad6d6bda4c28a,without_mask,Monday
662f2efd147ad6d6bda4c28b,without_mask,Monday
662f2efd147ad6d6bda4c28c,without_mask,Monday
662f2efd147ad6d6bda4c28d,without_mask,Monday
662f2efd147ad6d6bda4c28e,without_mask,Monday
662f2efd147ad6d6bda4c28f,without_mask,Monday
662f2efd147ad6d6bda4c290,without_mask,Monday
662f2efe147ad6d6bda4c291,without_mask,Monday
662f2efe147ad6d6bda4c292,without_mask,Monday
662f2efe147ad6d6bda4c293,without_mask,Monday
662f2efe147ad6d6bda4c294,without_mask,Monday
662f2efe147ad6d6bda4c295,without_mask,Monday
662f2efe147ad6d6bda4c296,without_mask,Monday
662f2efe147ad6d6bda4c297,without_mask,Monday
662f2efe147ad6d6bda4c298,without_mask,Monday
662f2fc73ba1c0b45ee4f5fb,with_mask,Tuesday
662f2fc73ba1c0b45ee4f5fc,with_mask,Tuesday
662f2fc73ba1c0b45ee4f5fd,with_mask,Tuesday
662f2fc73ba1c0b45ee4f5fe,with_mask,Tuesday
662f2fc73ba1c0b45ee4f5ff,with_mask,Tuesday
662f2fc73ba1c0b45ee4f600,with_mask,Tuesday
662f2fc83ba1c0b45ee4f601,with_mask,Tuesday
662f2fc83ba1c0b45ee4f602,with_mask,Tuesday
662f2fc83ba1c0b45ee4f603,with_mask,Tuesday
662f2fc83ba1c0b45ee4f604,with_mask,Tuesday
662f2fc83ba1c0b45ee4f605,with_mask,Tuesday
662f2fc83ba1c0b45ee4f606,with_mask,Tuesday
662f2fc83ba1c0b45ee4f607,with_mask,Tuesday
662f2fc83ba1c0b45ee4f608,with_mask,Tuesday
662f2fc83ba1c0b45ee4f609,with_mask,Tuesday
662f2fc93ba1c0b45ee4f60a,with_mask,Tuesday
662f2fc93ba1c0b45ee4f60b,with_mask,Tuesday
662f2fc93ba1c0b45ee4f60c,with_mask,Tuesday
662f2fc93ba1c0b45ee4f60d,with_mask,Tuesday
662f2fc93ba1c0b45ee4f60e,with_mask,Tuesday
662f2fc93ba1c0b45ee4f60f,with_mask,Tuesday
662f2fc93ba1c0b45ee4f610,with_mask,Tuesday
662f2fc93ba1c0b45ee4f611,with_mask,Tuesday
662f2fc93ba1c0b45ee4f612,with_mask,Tuesday
662f2fc93ba1c0b45ee4f613,with_mask,Tuesday
662f2fca3ba1c0b45ee4f614,with_mask,Tuesday
662f2fca3ba1c0b45ee4f615,with_mask,Tuesday
662f2fca3ba1c0b45ee4f616,with_mask,Tuesday
662f2fca3ba1c0b45ee4f617,with_mask,Tuesday
662f2fca3ba1c0b45ee4f618,with_mask,Tuesday
662f2fca3ba1c0b45ee4f619,with_mask,Tuesday
662f2fca3ba1c0b45ee4f61a,with_mask,Tuesday
662f2fca3ba1c0b45ee4f61b,with_mask,Tuesday
662f2fca3ba1c0b45ee4f61c,with_mask,Tuesday
662f2fcb3ba1c0b45ee4f61d,with_mask,Tuesday
662f2fcb3ba1c0b45ee4f61e,with_mask,Tuesday
662f2fcb3ba1c0b45ee4f61f,without_mask,Tuesday
662f2fcb3ba1c0b45ee4f620,without_mask,Tuesday
662f2fcb3ba1c0b45ee4f621,without_mask,Tuesday
662f2fcb3ba1c0b45ee4f622,without_mask,Tuesday
662f2fcb3ba1c0b45ee4f623,without_mask,Tuesday
662f2fcb3ba1c0b45ee4f624,without_mask,Tuesday
662f2fcb3ba1c0b45ee4f625,without_mask,Tuesday
662f2fcb3ba1c0b45ee4f626,without_mask,Tuesday
662f2fcc3ba1c0b45ee4f627,without_mask,Tuesday
662f2fcc3ba1c0b45ee4f628,without_mask,Tuesday
662f2fcc3ba1c0b45ee4f629,without_mask,Tuesday
662f2fcc3ba1c0b45ee4f62a,without_mask,Tuesday
662f2fcc3ba1c0b45ee4f62b,without_mask,Tuesday
662f2fcc3ba1c0b45ee4f62c,without_mask,Tuesday
662f2fcc3ba1c0b45ee4f62d,without_mask,Tuesday
662f2fcc3ba1c0b45ee4f62e,without_mask,Tuesday
662f2fcc3ba1c0b45ee4f62f,without_mask,Tuesday
662f2fcc3ba1c0b45ee4f630,without_mask,Tuesday
662f2fcd3ba1c0b45ee4f631,without_mask,Tuesday
662f2fcd3ba1c0b45ee4f632,without_mask,Tuesday
662f2fcd3ba1c0b45ee4f633,without_mask,Tuesday
662f2fcd3ba1c0b45ee4f634,without_mask,Tuesday
662f2fcd3ba1c0b45ee4f635,without_mask,Tuesday
662f2fcd3ba1c0b45ee4f636,without_mask,Tuesday
662f2fcd3ba1c0b45ee4f637,without_mask,Tuesday
662f2fcd3ba1c0b45ee4f638,without_mask,Tuesday
662f2fcd3ba1c0b45ee4f639,without_mask,Tuesday
662f2fce3ba1c0b45ee4f63a,without_mask,Tuesday
662f2fce3ba1c0b45ee4f63b,without_mask,Tuesday
662f2fce3ba1c0b45ee4f63c,without_mask,Tuesday
662f2fce3ba1c0b45ee4f63d,without_mask,Tuesday
662f2fce3ba1c0b45ee4f63e,without_mask,Tuesday
662f2fce3ba1c0b45ee4f63f,without_mask,Tuesday
662f2fce3ba1c0b45ee4f640,without_mask,Tuesday
662f2fce3ba1c0b45ee4f641,without_mask,Tuesday
662f2fce3ba1c0b45ee4f642,without_mask,Tuesday
662f2fce3ba1c0b45ee4f643,without_mask,Tuesday
662f2fcf3ba1c0b45ee4f644,without_mask,Tuesday
662f2fcf3ba1c0b45ee4f645,without_mask,Tuesday
662f2fcf3ba1c0b45ee4f646,without_mask,Tuesday
662f2fcf3ba1c0b45ee4f647,without_mask,Tuesday
662f2fcf3ba1c0b45ee4f648,without_mask,Tuesday
662f2fcf3ba1c0b45ee4f649,without_mask,Tuesday
662f2fcf3ba1c0b45ee4f64a,without_mask,Tuesday
662f2fcf3ba1c0b45ee4f64b,without_mask,Tuesday
662f2fcf3ba1c0b45ee4f64c,without_mask,Tuesday
662f2fd03ba1c0b45ee4f64d,without_mask,Tuesday
662f2fd03ba1c0b45ee4f64e,without_mask,Tuesday
662f2fd03ba1c0b45ee4f64f,without_mask,Tuesday
662f2fd03ba1c0b45ee4f650,without_mask,Tuesday
662f2fd03ba1c0b45ee4f651,without_mask,Tuesday
662f2fd03ba1c0b45ee4f652,without_mask,Tuesday
662f2fd03ba1c0b45ee4f653,without_mask,Tuesday
662f2fd03ba1c0b45ee4f654,without_mask,Tuesday
662f2fd03ba1c0b45ee4f655,without_mask,Tuesday
662f2fd03ba1c0b45ee4f656,without_mask,Tuesday
662f2fd13ba1c0b45ee4f657,without_mask,Tuesday
662f2fd13ba1c0b45ee4f658,without_mask,Tuesday
662f2fd13ba1c0b45ee4f659,without_mask,Tuesday
662f2fd13ba1c0b45ee4f65a,without_mask,Tuesday
662f2fd13ba1c0b45ee4f65b,without_mask,Tuesday
662f2fd13ba1c0b45ee4f65c,without_mask,Tuesday
662f2fd13ba1c0b45ee4f65d,without_mask,Tuesday
662f2fd13ba1c0b45ee4f65e,without_mask,Tuesday
662f2fd13ba1c0b45ee4f65f,without_mask,Tuesday
662f2fd23ba1c0b45ee4f660,without_mask,Tuesday
662f300b8293a679a8469993,with_mask,Wednesday
662f300b8293a679a8469994,with_mask,Wednesday
662f300c8293a679a8469995,with_mask,Wednesday
662f300c8293a679a8469996,with_mask,Wednesday
662f300c8293a679a8469997,with_mask,Wednesday
662f300c8293a679a8469998,with_mask,Wednesday
662f300c8293a679a8469999,with_mask,Wednesday
662f300c8293a679a846999a,with_mask,Wednesday
662f300c8293a679a846999b,with_mask,Wednesday
662f300c8293a679a846999c,with_mask,Wednesday
662f300d8293a679a846999d,with_mask,Wednesday
662f300d8293a679a846999e,with_mask,Wednesday
662f300d8293a679a846999f,with_mask,Wednesday
662f300d8293a679a84699a0,with_mask,Wednesday
662f300d8293a679a84699a1,with_mask,Wednesday
662f300d8293a679a84699a2,with_mask,Wednesday
662f300d8293a679a84699a3,with_mask,Wednesday
662f300d8293a679a84699a4,with_mask,Wednesday
662f300d8293a679a84699a5,with_mask,Wednesday
662f300d8293a679a84699a6,with_mask,Wednesday
662f300e8293a679a84699a7,with_mask,Wednesday
662f300e8293a679a84699a8,with_mask,Wednesday
662f300e8293a679a84699a9,with_mask,Wednesday
662f300e8293a679a84699aa,with_mask,Wednesday
662f300e8293a679a84699ab,with_mask,Wednesday
662f300e8293a679a84699ac,with_mask,Wednesday
662f300e8293a679a84699ad,with_mask,Wednesday
662f300e8293a679a84699ae,with_mask,Wednesday
662f300e8293a679a84699af,with_mask,Wednesday
662f300f8293a679a84699b0,with_mask,Wednesday
662f300f8293a679a84699b1,with_mask,Wednesday
662f300f8293a679a84699b2,with_mask,Wednesday
662f300f8293a679a84699b3,with_mask,Wednesday
662f300f8293a679a84699b4,with_mask,Wednesday
662f300f8293a679a84699b5,with_mask,Wednesday
662f300f8293a679a84699b6,with_mask,Wednesday
662f300f8293a679a84699b7,with_mask,Wednesday
662f300f8293a679a84699b8,with_mask,Wednesday
662f300f8293a679a84699b9,with_mask,Wednesday
662f30108293a679a84699ba,with_mask,Wednesday
662f30108293a679a84699bb,with_mask,Wednesday
662f30108293a679a84699bc,with_mask,Wednesday
662f30108293a679a84699bd,with_mask,Wednesday
662f30108293a679a84699be,with_mask,Wednesday
662f30108293a679a84699bf,with_mask,Wednesday
662f30108293a679a84699c0,with_mask,Wednesday
662f30108293a679a84699c1,with_mask,Wednesday
662f30108293a679a84699c2,without_mask,Wednesday
662f30108293a679a84699c3,without_mask,Wednesday
662f30118293a679a84699c4,without_mask,Wednesday
662f30118293a679a84699c5,without_mask,Wednesday
662f30118293a679a84699c6,without_mask,Wednesday
662f30118293a679a84699c7,without_mask,Wednesday
662f30118293a679a84699c8,without_mask,Wednesday
662f30118293a679a84699c9,without_mask,Wednesday
662f30118293a679a84699ca,without_mask,Wednesday
662f30118293a679a84699cb,without_mask,Wednesday
662f30118293a679a84699cc,without_mask,Wednesday
662f30128293a679a84699cd,without_mask,Wednesday
662f30128293a679a84699ce,without_mask,Wednesday
662f30128293a679a84699cf,without_mask,Wednesday
662f30128293a679a84699d0,without_mask,Wednesday
662f30128293a679a84699d1,without_mask,Wednesday
662f30128293a679a84699d2,without_mask,Wednesday
662f30128293a679a84699d3,without_mask,Wednesday
662f30128293a679a84699d4,without_mask,Wednesday
662f30128293a679a84699d5,without_mask,Wednesday
662f30128293a679a84699d6,without_mask,Wednesday
662f30138293a679a84699d7,without_mask,Wednesday
662f30138293a679a84699d8,without_mask,Wednesday
662f30138293a679a84699d9,without_mask,Wednesday
662f30138293a679a84699da,without_mask,Wednesday
662f30138293a679a84699db,without_mask,Wednesday
662f30138293a679a84699dc,without_mask,Wednesday
662f30138293a679a84699dd,without_mask,Wednesday
662f30138293a679a84699de,without_mask,Wednesday
662f30138293a679a84699df,without_mask,Wednesday
662f30138293a679a84699e0,without_mask,Wednesday
662f30148293a679a84699e1,without_mask,Wednesday
662f30148293a679a84699e2,without_mask,Wednesday
662f30148293a679a84699e3,without_mask,Wednesday
662f302c5338d198d417b9b3,with_mask,Thursday
662f302d5338d198d417b9b4,with_mask,Thursday
662f302d5338d198d417b9b5,with_mask,Thursday
662f302d5338d198d417b9b6,with_mask,Thursday
662f302d5338d198d417b9b7,with_mask,Thursday
662f302d5338d198d417b9b8,with_mask,Thursday
662f302d5338d198d417b9b9,with_mask,Thursday
662f302d5338d198d417b9ba,with_mask,Thursday
662f302d5338d198d417b9bb,with_mask,Thursday
662f302d5338d198d417b9bc,with_mask,Thursday
662f302e5338d198d417b9bd,with_mask,Thursday
662f302e5338d198d417b9be,with_mask,Thursday
662f302e5338d198d417b9bf,with_mask,Thursday
662f302e5338d198d417b9c0,with_mask,Thursday
662f302e5338d198d417b9c1,with_mask,Thursday
662f302e5338d198d417b9c2,with_mask,Thursday
662f302e5338d198d417b9c3,with_mask,Thursday
662f302e5338d198d417b9c4,with_mask,Thursday
662f302e5338d198d417b9c5,with_mask,Thursday
662f302f5338d198d417b9c6,with_mask,Thursday
662f302f5338d198d417b9c7,with_mask,Thursday
662f302f5338d198d417b9c8,with_mask,Thursday
662f302f5338d198d417b9c9,with_mask,Thursday
662f302f5338d198d417b9ca,with_mask,Thursday
662f302f5338d198d417b9cb,with_mask,Thursday
662f302f5338d198d417b9cc,with_mask,Thursday
662f302f5338d198d417b9cd,with_mask,Thursday
662f302f5338d198d417b9ce,with_mask,Thursday
662f302f5338d198d417b9cf,with_mask,Thursday
662f30305338d198d417b9d0,with_mask,Thursday
662f30305338d198d417b9d1,with_mask,Thursday
662f30305338d198d417b9d2,with_mask,Thursday
662f30305338d198d417b9d3,with_mask,Thursday
662f30305338d198d417b9d4,with_mask,Thursday
662f30305338d198d417b9d5,with_mask,Thursday
662f30305338d198d417b9d6,with_mask,Thursday
662f30305338d198d417b9d7,with_mask,Thursday
662f30305338d198d417b9d8,with_mask,Thursday
662f30315338d198d417b9d9,with_mask,Thursday
662f30315338d198d417b9da,with_mask,Thursday
662f30315338d198d417b9db,with_mask,Thursday
662f30315338d198d417b9dc,without_mask,Thursday
662f30315338d198d417b9dd,without_mask,Thursday
662f30315338d198d417b9de,without_mask,Thursday
662f30325338d198d417b9df,without_mask,Thursday
662f30325338d198d417b9e0,without_mask,Thursday
662f30325338d198d417b9e1,without_mask,Thursday
662f30325338d198d417b9e2,without_mask,Thursday
662f30325338d198d417b9e3,without_mask,Thursday
662f30325338d198d417b9e4,without_mask,Thursday
662f30325338d198d417b9e5,without_mask,Thursday
662f30325338d198d417b9e6,without_mask,Thursday
662f30325338d198d417b9e7,without_mask,Thursday
662f30325338d198d417b9e8,without_mask,Thursday
662f30335338d198d417b9e9,without_mask,Thursday
662f30335338d198d417b9ea,without_mask,Thursday
662f30335338d198d417b9eb,without_mask,Thursday
662f30335338d198d417b9ec,without_mask,Thursday
662f30335338d198d417b9ed,without_mask,Thursday
662f30335338d198d417b9ee,without_mask,Thursday
662f30335338d198d417b9ef,without_mask,Thursday
662f30335338d198d417b9f0,without_mask,Thursday
662f30335338d198d417b9f1,without_mask,Thursday
662f30345338d198d417b9f2,without_mask,Thursday
662f30345338d198d417b9f3,without_mask,Thursday
662f30345338d198d417b9f4,without_mask,Thursday
662f30345338d198d417b9f5,without_mask,Thursday
662f30345338d198d417b9f6,without_mask,Thursday
662f30345338d198d417b9f7,without_mask,Thursday
662f30345338d198d417b9f8,without_mask,Thursday
662f30345338d198d417b9f9,without_mask,Thursday
662f3045f8348e3fdbf80f37,with_mask,Friday
662f3046f8348e3fdbf80f38,with_mask,Friday
662f3046f8348e3fdbf80f39,with_mask,Friday
662f3046f8348e3fdbf80f3a,with_mask,Friday
662f3046f8348e3fdbf80f3b,with_mask,Friday
662f3046f8348e3fdbf80f3c,with_mask,Friday
662f3046f8348e3fdbf80f3d,with_mask,Friday
662f3047f8348e3fdbf80f3e,with_mask,Friday
662f3047f8348e3fdbf80f3f,with_mask,Friday
662f3047f8348e3fdbf80f40,with_mask,Friday
662f3047f8348e3fdbf80f41,with_mask,Friday
662f3047f8348e3fdbf80f42,with_mask,Friday
662f3047f8348e3fdbf80f43,with_mask,Friday
662f3047f8348e3fdbf80f44,with_mask,Friday
662f3047f8348e3fdbf80f45,with_mask,Friday
662f3047f8348e3fdbf80f46,with_mask,Friday
662f3047f8348e3fdbf80f47,with_mask,Friday
662f3048f8348e3fdbf80f48,with_mask,Friday
662f3048f8348e3fdbf80f49,with_mask,Friday
662f3048f8348e3fdbf80f4a,with_mask,Friday
662f3048f8348e3fdbf80f4b,with_mask,Friday
662f3048f8348e3fdbf80f4c,with_mask,Friday
662f3048f8348e3fdbf80f4d,with_mask,Friday
662f3048f8348e3fdbf80f4e,with_mask,Friday
662f3048f8348e3fdbf80f4f,with_mask,Friday
662f3048f8348e3fdbf80f50,with_mask,Friday
662f3048f8348e3fdbf80f51,with_mask,Friday
662f3049f8348e3fdbf80f52,with_mask,Friday
662f3049f8348e3fdbf80f53,with_mask,Friday
662f3049f8348e3fdbf80f54,with_mask,Friday
662f3049f8348e3fdbf80f55,with_mask,Friday
662f3049f8348e3fdbf80f56,with_mask,Friday
662f3049f8348e3fdbf80f57,with_mask,Friday
662f3049f8348e3fdbf80f58,with_mask,Friday
662f3049f8348e3fdbf80f59,with_mask,Friday
662f3049f8348e3fdbf80f5a,with_mask,Friday
662f3049f8348e3fdbf80f5b,with_mask,Friday
662f304af8348e3fdbf80f5c,with_mask,Friday
662f304af8348e3fdbf80f5d,with_mask,Friday
662f304af8348e3fdbf80f5e,with_mask,Friday
662f304af8348e3fdbf80f5f,with_mask,Friday
662f304af8348e3fdbf80f60,with_mask,Friday
662f304af8348e3fdbf80f61,with_mask,Friday
662f304af8348e3fdbf80f62,with_mask,Friday
662f304af8348e3fdbf80f63,with_mask,Friday
662f304af8348e3fdbf80f64,with_mask,Friday
662f304bf8348e3fdbf80f65,with_mask,Friday
662f304bf8348e3fdbf80f66,with_mask,Friday
662f304bf8348e3fdbf80f67,with_mask,Friday
662f304bf8348e3fdbf80f68,with_mask,Friday
662f304bf8348e3fdbf80f69,with_mask,Friday
662f304bf8348e3fdbf80f6a,with_mask,Friday
662f304bf8348e3fdbf80f6b,with_mask,Friday
662f304bf8348e3fdbf80f6c,with_mask,Friday
662f304bf8348e3fdbf80f6d,with_mask,Friday
662f304bf8348e3fdbf80f6e,with_mask,Friday
662f304cf8348e3fdbf80f6f,with_mask,Friday
662f304cf8348e3fdbf80f70,without_mask,Friday
662f304cf8348e3fdbf80f71,without_mask,Friday
662f304cf8348e3fdbf80f72,without_mask,Friday
662f304cf8348e3fdbf80f73,without_mask,Friday
662f304cf8348e3fdbf80f74,without_mask,Friday
662f304cf8348e3fdbf80f75,without_mask,Friday
662f304cf8348e3fdbf80f76,without_mask,Friday
662f304cf8348e3fdbf80f77,without_mask,Friday
662f304cf8348e3fdbf80f78,without_mask,Friday
662f304df8348e3fdbf80f79,without_mask,Friday
662f304df8348e3fdbf80f7a,without_mask,Friday
662f304df8348e3fdbf80f7b,without_mask,Friday
662f304df8348e3fdbf80f7c,without_mask,Friday
662f304df8348e3fdbf80f7d,without_mask,Friday
662f304df8348e3fdbf80f7e,without_mask,Friday
662f304df8348e3fdbf80f7f,without_mask,Friday
662f304df8348e3fdbf80f80,without_mask,Friday
662f304df8348e3fdbf80f81,without_mask,Friday
662f304df8348e3fdbf80f82,without_mask,Friday
662f304ef8348e3fdbf80f83,without_mask,Friday
662f304ef8348e3fdbf80f84,without_mask,Friday
662f304ef8348e3fdbf80f85,without_mask,Friday
662f304ef8348e3fdbf80f86,without_mask,Friday
662f304ef8348e3fdbf80f87,without_mask,Friday
662f304ef8348e3fdbf80f88,without_mask,Friday
662f304ef8348e3fdbf80f89,without_mask,Friday
662f304ef8348e3fdbf80f8a,without_mask,Friday
662f304ef8348e3fdbf80f8b,without_mask,Friday
662f304ef8348e3fdbf80f8c,without_mask,Friday
662f304ff8348e3fdbf80f8d,without_mask,Friday
662f304ff8348e3fdbf80f8e,without_mask,Friday
662f304ff8348e3fdbf80f8f,without_mask,Friday
662f304ff8348e3fdbf80f90,without_mask,Friday
662f304ff8348e3fdbf80f91,without_mask,Friday
663883219af9e7653ee9508d,without_mask,Friday
663883219af9e7653ee9508e,without_mask,Friday
663883219af9e7653ee9508f,without_mask,Friday
663883219af9e7653ee95090,without_mask,Friday
663883219af9e7653ee95091,without_mask,Friday
663883229af9e7653ee95092,without_mask,Friday
663883229af9e7653ee95093,without_mask,Friday
663883229af9e7653ee95094,without_mask,Friday
663883229af9e7653ee95095,without_mask,Friday
663883229af9e7653ee95096,without_mask,Friday
663883229af9e7653ee95097,without_mask,Friday
663883229af9e7653ee95098,without_mask,Friday
663883239af9e7653ee95099,without_mask,Friday
663883239af9e7653ee9509a,without_mask,Friday
663883239af9e7653ee9509b,without_mask,Friday
663883239af9e7653ee9509c,without_mask,Friday
663883239af9e7653ee9509d,without_mask,Friday
663883239af9e7653ee9509e,without_mask,Friday
663883239af9e7653ee9509f,without_mask,Friday
663883239af9e7653ee950a0,without_mask,Friday
663883239af9e7653ee950a1,without_mask,Friday
663883249af9e7653ee950a2,without_mask,Friday
663883249af9e7653ee950a3,without_mask,Friday
663883249af9e7653ee950a4,without_mask,Friday
663883249af9e7653ee950a5,without_mask,Friday
663883249af9e7653ee950a6,without_mask,Friday
663883249af9e7653ee950a7,without_mask,Friday
66388f041c2e2570878f2a0a,with_mask,Monday
66388f051c2e2570878f2a0b,with_mask,Monday
66388f051c2e2570878f2a0c,with_mask,Monday
66388f051c2e2570878f2a0d,with_mask,Monday
66388f061c2e2570878f2a0e,with_mask,Monday
66388f061c2e2570878f2a0f,with_mask,Monday
66388f061c2e2570878f2a10,with_mask,Monday
66388f061c2e2570878f2a11,with_mask,Monday
66388f061c2e2570878f2a12,with_mask,Monday
66388f061c2e2570878f2a13,with_mask,Monday
66388f061c2e2570878f2a14,with_mask,Monday
66388f061c2e2570878f2a15,with_mask,Monday
66388f071c2e2570878f2a16,with_mask,Monday
66388f071c2e2570878f2a17,with_mask,Monday
66388f071c2e2570878f2a18,with_mask,Monday
66388f071c2e2570878f2a19,with_mask,Monday
66388f0a1c2e2570878f2a1a,with_mask,Monday
66388f0a1c2e2570878f2a1b,with_mask,Monday
66388f0a1c2e2570878f2a1c,with_mask,Monday
66388f0a1c2e2570878f2a1d,with_mask,Monday
66388f0a1c2e2570878f2a1e,with_mask,Monday
